[
  {
    "id": 1,
    "type": "fa-file-alt",
    "name": "STEP 1",
    "contentName": "Read data from file",
    "phase": "ok",
    "date": {
      "from": "01/06",
      "to": "15/06"
    },
    "previous": [], 
    "data": {
     "target": 2000,
     "potentialTarget": 2000,
     "percentOK": {
       "label": "CTOR",
       "value": 10
     },
     "analytics": [
       {
         "label": "INFO",
         "color": "rgba(6, 143, 247, 0.802)",
         "value": 200
       },
       {
        "label": "WARNING",
        "color": "rgba(247, 135, 6, 0.802)",
        "value": 10
       },
       {
        "label": "ERROR",
        "color": "rgb(250, 76, 33)",
        "value": 5
       }
     ]
    }
  },
  {
    "id": 2,
    "previous": [
      { "stepId": 1, "count": 500, "label": "OK" }
    ],
    "type": "fa-server",
    "name": "STEP 2",
    "contentName": "Map data",
    "phase": "ko",
    "date": {
      "from": "10/06",
      "to": "20/06"
    },
    "data": {
     "target": 1000,
     "potentialTarget": 500,
     "percentOK": {
       "label": "CTOR",
       "value": 40
     },
     "analytics": [
       {
         "label": "INFO",
         "color": "rgba(6, 143, 247, 0.802)",
         "value": 200
       },
       {
         "label": "WARNING",
         "color": "rgba(247, 135, 6, 0.802)",
         "value": 10
       },
       {
         "label": "ERROR",
         "color": "rgb(250, 76, 33)",
         "value": 5
       }
     ]
    }
  },
  {
    "id": 3,
    "previous": [{ "stepId": 2, "count": 200, "label": "OK" }],
    "type": "fa-reply-all",
    "name": "STEP 3",
    "contentName": "Send to target",
    "phase": "Execution",
    "date": {
      "from": "1/06",
      "to": "20/06"
    },
    "data": {
      "target": 150,
      "potentialTarget": 200,
      "percentOK": {
        "label": "Submitted",
        "value": 73
      },
      "analytics": [
        {
          "label": "INFO",
          "color": "rgba(6, 143, 247, 0.802)",
          "value": 200
        },
        {
          "label": "WARNING",
          "color": "rgba(247, 135, 6, 0.802)",
          "value": 10
        },
        {
          "label": "ERROR",
          "color": "rgb(250, 76, 33)",
          "value": 5
        }
      ]
    }
  }
]